{"cameraMode":{"drawMode":0,"name":"Shaded","section":"Shading Mode"},"sceneLighting":true,"audioPlay":false,"sceneViewState":{"showFog":true,"showMaterialUpdate":false,"showSkybox":true,"showFlares":true,"showImageEffects":true,"showParticleSystems":true},"in2DMode":false,"pivot":{"x":2.8686578273773195,"y":-112.58480834960938,"z":52.62847137451172},"rotation":{"x":0.5142747163772583,"y":-0.01929931342601776,"z":0.0115715516731143,"w":0.8573404550552368},"size":78.22872161865235,"orthographic":false}