{"cameraMode":{"drawMode":0,"name":"Shaded","section":"Shading Mode"},"sceneLighting":false,"audioPlay":false,"sceneViewState":{"showFog":true,"showMaterialUpdate":false,"showSkybox":false,"showFlares":true,"showImageEffects":true,"showParticleSystems":true},"in2DMode":false,"pivot":{"x":0.9493141174316406,"y":0.5149407386779785,"z":4.136387825012207},"rotation":{"x":0.12039519846439362,"y":-0.4955799877643585,"z":0.06958448886871338,"w":0.8573649525642395},"size":10.573440551757813,"orthographic":false}