{"cameraMode":{"drawMode":0,"name":"Shaded","section":"Shading Mode"},"sceneLighting":false,"audioPlay":false,"sceneViewState":{"showFog":true,"showMaterialUpdate":false,"showSkybox":false,"showFlares":true,"showImageEffects":true,"showParticleSystems":true},"in2DMode":false,"pivot":{"x":8.655885696411133,"y":0.9274300932884216,"z":0.33420342206954958},"rotation":{"x":0.12349390983581543,"y":-0.6491380929946899,"z":0.10786671936511994,"w":0.7428156733512878},"size":1.5350520610809327,"orthographic":false}