{"cameraMode":{"drawMode":0,"name":"Shaded","section":"Shading Mode"},"sceneLighting":true,"audioPlay":false,"sceneViewState":{"showFog":true,"showMaterialUpdate":false,"showSkybox":true,"showFlares":true,"showImageEffects":true,"showParticleSystems":true},"in2DMode":false,"pivot":{"x":362.5562438964844,"y":-205.1631317138672,"z":96.97136688232422},"rotation":{"x":-0.1975032240152359,"y":-0.5901336073875427,"z":0.15174700319766999,"w":-0.7679600119590759},"size":222.5452880859375,"orthographic":false}