{"cameraMode":{"drawMode":0,"name":"Shaded","section":"Shading Mode"},"sceneLighting":true,"audioPlay":false,"sceneViewState":{"showFog":true,"showMaterialUpdate":false,"showSkybox":true,"showFlares":true,"showImageEffects":true,"showParticleSystems":true},"in2DMode":false,"pivot":{"x":-12.606319427490235,"y":-33.93535614013672,"z":-26.994731903076173},"rotation":{"x":0.17640255391597749,"y":-0.7886042594909668,"z":0.2643601596355438,"w":0.5264663100242615},"size":46.733795166015628,"orthographic":false}