{"cameraMode":{"drawMode":0,"name":"Shaded","section":"Shading Mode"},"sceneLighting":false,"audioPlay":false,"sceneViewState":{"showFog":true,"showMaterialUpdate":false,"showSkybox":false,"showFlares":true,"showImageEffects":true,"showParticleSystems":true},"in2DMode":false,"pivot":{"x":7.516874313354492,"y":1.3851464986801148,"z":0.4437903165817261},"rotation":{"x":-0.05607613921165466,"y":0.9091187715530396,"z":-0.39168810844421389,"w":-0.1301542967557907},"size":3.0808868408203127,"orthographic":false}