{"cameraMode":{"drawMode":0,"name":"Shaded","section":"Shading Mode"},"sceneLighting":true,"audioPlay":false,"sceneViewState":{"showFog":true,"showMaterialUpdate":false,"showSkybox":true,"showFlares":true,"showImageEffects":true,"showParticleSystems":true},"in2DMode":false,"pivot":{"x":0.6987817287445068,"y":1.7014838457107545,"z":-0.953210711479187},"rotation":{"x":-0.18161000311374665,"y":0.7151558995246887,"z":-0.2016332745552063,"w":-0.644137442111969},"size":2.680856466293335,"orthographic":false}